id,playerId,meanDistance,meanDistanceAfterPass,numberPlayers5yds,numberPlayers5ydsAfterPass,areaDifference,numberPlayersDeep,numberPlayersDeepDifference,numberPlayersUnderneath,densityDifference,heightDifference,widthDifference,cluster,homeScore,visitorScore,down,quarter,yardsToGo,yardsToEndZone,gameClock
2018090905:313:1,71251.0,1.9497111720457563,2.831581182423107,1.7543859649122806,1.0,224.99139999999966,3,3,4,0.03111230029236678,3.1799999999999997,14.080000000000005,0.0,7.0,0.0,2,1,9,72.0,11:07:00
2018090905:313:1,494287.0,13.515904912978884,16.519958900173787,0.0,0.0,224.99139999999966,3,3,4,0.03111230029236678,3.1799999999999997,14.080000000000005,0.0,7.0,0.0,2,1,9,72.0,11:07:00
2018090905:313:1,2533057.0,2.7938903370260495,2.652473897391239,0.8596491228070176,1.0,224.99139999999966,3,3,4,0.03111230029236678,3.1799999999999997,14.080000000000005,0.0,7.0,0.0,2,1,9,72.0,11:07:00
2018090905:313:1,2533062.0,3.2996145294062122,1.7245857766549315,1.0,1.0,224.99139999999966,3,3,4,0.03111230029236678,3.1799999999999997,14.080000000000005,0.0,7.0,0.0,2,1,9,72.0,11:07:00
2018090905:313:1,2541243.0,8.609329670127146,5.5758820231186075,0.22807017543859648,0.0,224.99139999999966,3,3,4,0.03111230029236678,3.1799999999999997,14.080000000000005,0.0,7.0,0.0,2,1,9,72.0,11:07:00
2018090905:313:1,2543699.0,13.628398253194913,17.82981683790931,0.3333333333333333,0.0,224.99139999999966,3,3,4,0.03111230029236678,3.1799999999999997,14.080000000000005,0.0,7.0,0.0,2,1,9,72.0,11:07:00
2018090905:313:1,2552255.0,2.5980842815098226,2.6348738019090856,0.8245614035087719,1.0,224.99139999999966,3,3,4,0.03111230029236678,3.1799999999999997,14.080000000000005,0.0,7.0,0.0,2,1,9,72.0,11:07:00
2018090905:313:1,2561143.0,2.9768646618401178,0.42222323102538384,0.7543859649122807,1.0,224.99139999999966,3,3,4,0.03111230029236678,3.1799999999999997,14.080000000000005,0.0,7.0,0.0,2,1,9,72.0,11:07:00
